PassengerId,Survived,Pclass,Sex,Age,SibSp,Parch,Fare,Embarked,FamilySize,IsAlone,AgeBand
1,1,2,female,42.343852553470676,0,0,23.96074392951313,S,1,1,Middle-aged
2,0,3,female,37.80244106051248,0,0,8.820828827936657,S,1,1,Middle-aged
3,0,3,male,38.81355287149828,0,1,8.91230000847621,S,2,0,Middle-aged
4,0,3,female,22.371618227770266,0,0,16.49845569448428,S,1,1,Adult
5,0,1,male,13.586126367139428,1,0,118.04750288792228,C,2,0,Teen
6,0,1,male,39.66625768475565,0,0,43.47819921977282,S,1,1,Middle-aged
7,1,1,female,,0,0,88.9948009165448,S,1,1,Adult
8,0,3,male,31.856900652625363,0,2,8.248933103754757,S,3,0,Adult
9,0,3,male,,0,0,7.590378617050548,C,1,1,Adult
10,1,3,male,32.45826218339068,2,0,15.773200104499024,S,3,0,Adult
11,1,1,male,48.90571596861602,0,2,23.94596725207859,S,3,0,Middle-aged
12,0,3,male,38.124371688297295,0,0,4.771985016763909,S,1,1,Middle-aged
13,0,3,male,,0,0,4.446391611108338,C,1,1,Adult
14,0,1,male,,0,0,62.97201713537824,S,1,1,Adult
15,1,1,female,45.53286408254532,0,1,69.131983952829,S,2,0,Middle-aged
16,1,1,female,,0,0,32.04727060577843,S,1,1,Adult
17,0,2,male,,0,0,32.852266121144574,C,1,1,Adult
18,0,3,male,,0,0,4.271414018133635,S,1,1,Adult
19,0,2,male,3.164051660230257,0,0,25.606799474127392,S,1,1,Child
20,1,2,male,34.92914627491061,0,0,44.896369837010276,C,1,1,Adult
21,0,3,male,28.56500141789002,3,0,8.439647282528178,C,4,0,Adult
22,0,1,male,59.66598133040497,0,0,379.32684976690757,S,1,1,Middle-aged
23,1,2,male,53.48609440367566,0,0,18.80265481768553,Q,1,1,Middle-aged
24,1,2,male,29.678017875491282,0,0,13.543279516436302,S,1,1,Adult
25,0,3,male,23.601875459836215,0,0,8.258926374337179,S,1,1,Adult
26,0,3,male,,1,1,7.2622534113833765,C,3,0,Adult
27,1,1,female,,0,1,24.45808618632792,S,2,0,Adult
28,0,3,female,,1,0,8.94378897885692,S,2,0,Adult
29,0,3,male,25.71721404847939,0,0,14.258476901990665,S,1,1,Adult
30,1,1,female,19.079759291512403,0,0,29.26370728433372,S,1,1,Adult
31,0,3,male,12.834328808321644,1,2,3.349962380003326,S,4,0,Teen
32,1,1,female,,0,1,42.091853967055236,C,2,0,Adult
33,1,1,female,,0,1,72.44627806078888,C,2,0,Adult
34,1,3,male,23.241297571699853,0,0,12.44185990716249,S,1,1,Adult
35,0,3,male,34.03218778343269,1,0,23.492654515098636,S,2,0,Adult
36,0,3,male,10.750415179138738,0,0,5.526262463417393,Q,1,1,Child
37,0,2,male,35.84896712285812,1,0,9.431983623991538,S,2,0,Middle-aged
38,0,1,male,26.841960749849456,0,0,124.80202021032038,S,1,1,Adult
39,0,3,male,30.68720919053621,1,2,7.137078329201348,S,4,0,Adult
40,0,2,male,,0,0,11.542935331550623,S,1,1,Adult
41,1,1,female,28.26938875790365,1,0,85.89446127819824,S,2,0,Adult
42,0,3,female,32.90071014306988,0,0,11.09852203308168,S,1,1,Adult
43,0,1,male,45.51927166285601,1,2,176.8357313380899,S,4,0,Middle-aged
44,0,3,male,35.370923376810715,0,0,14.749707011895469,S,1,1,Middle-aged
45,0,2,male,,0,0,48.65081990868168,S,1,1,Adult
46,0,3,male,27.358762571709573,0,2,12.615329873323168,C,3,0,Adult
47,1,2,female,26.534456367606165,0,0,54.52396071185872,C,1,1,Adult
48,0,3,male,18.404744984021995,0,0,4.568410067157217,S,1,1,Adult
49,1,3,male,5.25288863149823,2,0,4.18571774452458,S,3,0,Child
50,0,1,male,24.08147870637498,3,0,183.7991470064369,Q,4,0,Adult
51,0,3,male,38.97500165442337,0,1,5.669975093737301,S,2,0,Middle-aged
52,0,3,female,23.95292784180465,2,1,8.907494724413406,C,4,0,Adult
53,1,3,female,35.24105741790538,0,0,6.521606506885514,S,1,1,Middle-aged
54,0,3,male,20.567359215235786,0,0,8.32097686820001,Q,1,1,Adult
55,0,3,male,,1,0,15.50135455003616,S,2,0,Adult
56,1,3,male,23.26854468835912,0,0,5.4168153610660115,S,1,1,Adult
57,1,1,female,21.619752891615228,4,0,133.44596122906685,S,5,0,Adult
58,1,1,female,49.87986848266047,0,0,142.7747044269012,S,1,1,Middle-aged
59,0,1,male,46.9392500483228,0,0,65.86238864818095,S,1,1,Middle-aged
60,0,2,male,30.170929968164543,0,1,34.59560930621595,S,2,0,Adult
61,1,2,female,11.08377949320677,0,0,21.924891663537547,C,1,1,Child
62,0,2,male,34.24257435838412,0,0,7.64604110605661,S,1,1,Adult
63,0,3,female,10.989589416247648,8,0,2.019888516536894,S,9,0,Child
64,0,2,male,46.444916327806396,1,1,7.341180669493133,S,3,0,Middle-aged
65,0,2,male,,1,0,7.885681594087191,S,2,0,Adult
66,0,3,male,,0,0,7.576494184482587,S,1,1,Adult
67,0,1,male,38.530066810125305,0,0,49.99674859035072,S,1,1,Middle-aged
68,0,3,male,35.56342094780537,0,0,4.851523643176251,S,1,1,Middle-aged
69,1,1,female,38.05324306572462,0,0,42.976058068847266,S,1,1,Middle-aged
70,0,3,male,23.992872941527896,0,1,23.46184950098823,S,2,0,Adult
71,0,3,male,28.998880438269147,1,2,3.8116020133863717,S,4,0,Adult
72,0,1,male,41.144760995446276,0,1,18.912975365366542,S,2,0,Middle-aged
73,0,1,male,49.78139678855663,0,0,67.92010661613668,S,1,1,Middle-aged
74,0,3,male,27.31984389705359,0,0,1.8165572336850584,Q,1,1,Adult
75,0,3,male,20.59515512821993,0,0,5.107899893236661,S,1,1,Adult
76,0,3,female,16.542133948024205,0,4,18.00546739056181,S,5,0,Teen
77,0,3,male,54.81963944303985,2,0,3.357296139303198,S,3,0,Middle-aged
78,0,1,male,36.83752955110118,0,0,114.51518899831966,S,1,1,Middle-aged
79,1,2,male,27.439293376714218,1,0,19.26035943339436,S,2,0,Adult
80,1,1,female,20.750007382592344,0,0,108.43520551731199,S,1,1,Adult
81,1,3,female,,0,0,7.703655586018295,Q,1,1,Adult
82,1,3,female,7.045610151087978,0,0,9.07517894958356,Q,1,1,Child
83,0,2,male,1.0,1,0,39.180959499004246,C,2,0,Child
84,0,1,male,42.64581408561922,1,1,374.093728333504,S,3,0,Middle-aged
85,0,2,male,,0,0,15.163589883577341,S,1,1,Adult
86,0,2,male,,0,0,20.67341573903121,S,1,1,Adult
87,0,3,male,,0,0,9.111481645655324,Q,1,1,Adult
88,0,3,male,43.09657109702984,0,0,4.80082497775125,S,1,1,Middle-aged
89,0,3,male,22.00763078048865,2,1,10.798200780676469,S,4,0,Adult
90,0,3,male,55.01974042162136,0,0,7.9716014334210845,S,1,1,Middle-aged
91,1,1,female,45.68191575179044,0,0,52.60617117025811,S,1,1,Middle-aged
92,0,3,male,29.27460051777355,0,0,5.371875430989502,Q,1,1,Adult
93,0,3,male,8.052468160841734,0,2,4.317589618311075,S,3,0,Child
94,0,3,female,26.082191649962795,0,0,4.284368403991458,S,1,1,Adult
95,1,3,male,18.737118998739646,0,0,5.551742940159961,S,1,1,Adult
96,1,3,female,31.082529476686737,1,0,10.676906756232572,C,2,0,Adult
97,1,3,male,23.47743143077367,1,0,5.072960895840373,S,2,0,Adult
98,1,2,male,35.3220206470143,0,0,20.139542870037523,C,1,1,Middle-aged
99,1,1,female,57.49461028119602,1,1,169.1008704317845,S,3,0,Middle-aged
100,1,1,female,54.45396350953669,0,0,47.335362560197495,C,1,1,Middle-aged
101,1,1,female,41.25018329638849,0,2,140.98768687569003,C,3,0,Middle-aged
102,0,3,male,4.574455521539342,0,0,12.415051088068713,S,1,1,Child
103,0,2,male,,0,0,30.3867057856467,S,1,1,Adult
104,1,3,male,22.663880051704034,0,0,10.270715771026499,S,1,1,Adult
105,0,3,male,,0,1,15.85520640735187,S,2,0,Adult
106,1,2,female,47.953226801106716,0,0,31.99430615128494,C,1,1,Middle-aged
107,0,2,male,24.28813677136359,4,2,14.850151343769245,S,7,0,Adult
108,0,3,female,14.694247264951732,0,2,8.691613799336157,S,3,0,Teen
109,1,1,male,,0,2,76.69534722435161,S,3,0,Adult
110,1,1,male,22.82132052568745,0,0,123.4737657708085,S,1,1,Adult
111,0,2,male,34.132269231455474,0,0,13.615834787066532,C,1,1,Adult
112,0,1,female,47.997448996081296,0,1,53.1052572538934,S,2,0,Middle-aged
113,0,3,female,25.351017756422504,1,0,10.380272789226382,Q,2,0,Adult
114,0,3,female,21.756678867878023,0,0,7.802736783075548,Q,1,1,Adult
115,1,3,female,23.72656581316802,0,0,2.6359024569618206,S,1,1,Adult
116,0,3,female,,0,0,12.40173607366287,S,1,1,Adult
117,1,3,female,53.68919397721269,0,0,5.793149226388412,C,1,1,Middle-aged
118,1,1,male,42.74591159432945,0,0,166.77416941715424,S,1,1,Middle-aged
119,0,3,male,23.80036264219716,0,0,6.857490301335524,S,1,1,Adult
120,0,3,male,,0,0,17.524082719602134,S,1,1,Adult
121,1,3,female,15.874981602263517,0,0,9.534710625637853,S,1,1,Teen
122,1,3,female,,0,0,13.256314720440841,C,1,1,Adult
123,1,2,male,42.05511490951788,3,0,36.35132006279147,S,4,0,Middle-aged
124,1,1,female,40.10567613446629,0,0,98.32158929120641,S,1,1,Middle-aged
125,1,1,female,39.40728132311427,1,0,155.18076680056345,Q,2,0,Middle-aged
126,0,2,male,34.13261060854242,1,0,34.14251268424801,C,2,0,Adult
127,0,3,male,26.41854389682324,0,0,3.032177701816921,S,1,1,Adult
128,0,3,female,,0,0,3.721823422340495,C,1,1,Adult
129,0,1,male,43.690684681337856,0,0,42.272454607151836,S,1,1,Middle-aged
130,0,3,female,22.449056464137183,1,1,10.981945010058098,C,3,0,Adult
131,0,2,male,41.21313339877569,0,0,15.124532543076883,S,1,1,Middle-aged
132,1,1,female,20.572362664945803,1,0,145.97587945241176,S,2,0,Adult
133,1,1,female,28.058864333433874,2,0,42.053043540272625,C,3,0,Adult
134,1,2,female,22.437377361628712,1,0,21.103306249703806,S,2,0,Adult
135,0,3,male,45.21495695220279,0,0,7.406997597634336,Q,1,1,Middle-aged
136,0,2,female,44.52292200608252,0,0,47.93513311716935,S,1,1,Middle-aged
137,0,3,female,10.176634062804705,1,0,5.248005419409607,Q,2,0,Child
138,0,3,male,11.534161145428033,0,0,14.726455589038261,Q,1,1,Child
139,1,2,female,37.86048736538147,0,0,67.57457732922393,S,1,1,Middle-aged
140,1,3,male,,1,2,7.227307991367031,C,4,0,Adult
141,0,3,male,27.60899890824056,0,0,5.203976173756262,S,1,1,Adult
142,0,2,male,6.174467754986853,2,0,16.22959768015554,Q,3,0,Child
143,1,3,male,28.3663880866631,0,0,4.387862215477418,S,1,1,Adult
144,0,2,male,,0,0,30.931827796502137,C,1,1,Adult
145,1,2,female,20.699589726915313,2,1,19.199733764322932,S,4,0,Adult
146,1,1,male,33.931948556636925,0,0,99.20440890424796,S,1,1,Adult
147,0,3,female,16.256171028157876,0,0,7.16895594498043,S,1,1,Teen
148,1,3,male,,0,1,29.78366803243654,S,2,0,Adult
149,0,1,male,32.9475201280555,0,0,197.5768274292149,C,1,1,Adult
150,0,2,male,38.07758424827655,0,0,46.37513448450426,S,1,1,Middle-aged
151,1,3,female,13.436998665639504,0,2,13.980475648395812,S,3,0,Teen
152,0,1,male,19.44286123644631,0,0,101.94614636171539,S,1,1,Adult
153,0,1,male,30.289903260262843,0,0,76.31207325504268,S,1,1,Adult
154,0,3,female,24.635166801634018,1,0,11.004505906124328,S,2,0,Adult
155,0,3,male,36.1224026290235,1,0,6.571522088678468,C,2,0,Middle-aged
156,0,2,male,27.936624781064687,0,0,7.312543839658852,Q,1,1,Adult
157,0,3,male,15.755404735406517,0,1,4.2110385565962165,S,2,0,Teen
158,0,3,female,,0,0,8.53232681206638,S,1,1,Adult
159,1,1,male,,0,0,319.03895953605115,S,1,1,Adult
160,1,3,female,38.73711533742757,1,2,7.7187003175771425,S,4,0,Middle-aged
161,0,2,male,19.619142873946465,1,0,8.288573769051414,S,2,0,Adult
162,0,3,female,25.415496865110953,0,0,6.623088537303656,C,1,1,Adult
163,0,3,female,41.44052393405188,0,0,24.901333700305194,S,1,1,Middle-aged
164,1,3,female,5.405465938115533,0,2,5.726122076652727,C,3,0,Child
165,1,1,male,24.66949670564911,0,1,43.63545683782173,S,2,0,Adult
166,1,3,female,,0,0,6.543591681654488,S,1,1,Adult
167,0,2,male,26.09295171416254,4,0,11.468182058193882,S,5,0,Adult
168,0,1,male,52.735405178895284,1,0,388.91893608694375,S,2,0,Middle-aged
169,0,1,male,,0,2,160.06220604033382,S,3,0,Adult
170,1,3,female,12.877331174657739,0,0,8.737197665918268,C,1,1,Teen
171,1,3,female,18.985046341198256,2,0,6.629304981461857,S,3,0,Adult
172,1,1,female,2.182842634400572,0,1,59.159396813992,C,2,0,Child
173,0,3,male,28.94719472708918,0,0,6.498859776328373,S,1,1,Adult
174,0,1,male,23.675262841543876,0,0,26.762146467897164,S,1,1,Adult
175,1,3,female,28.003543722196508,1,0,35.81507900241537,S,2,0,Adult
176,0,1,male,27.513559406628662,0,0,270.83769972376695,S,1,1,Adult
177,0,3,male,20.24624692075214,0,0,4.105832307127218,S,1,1,Adult
178,0,2,male,35.781404494335405,1,2,18.95931430642792,S,4,0,Middle-aged
179,0,3,male,,1,0,3.294701481572267,S,2,0,Adult
180,0,1,male,53.87072860602669,2,0,139.3517858828941,S,3,0,Middle-aged
181,0,2,male,16.299938139127313,0,0,15.321915321182173,S,1,1,Teen
182,0,1,male,21.224032599539786,0,0,25.387970366754352,S,1,1,Adult
183,0,3,male,23.04128286122912,1,0,2.861044775727048,S,2,0,Adult
184,0,3,female,44.43789525979179,1,0,9.328308827017679,Q,2,0,Middle-aged
185,1,2,male,,0,1,18.282577592273967,S,2,0,Adult
186,0,3,male,9.110958041609358,0,0,4.498804254526599,C,1,1,Child
187,0,3,female,23.884206500925984,1,0,8.13793548984091,S,2,0,Adult
188,0,3,male,,1,0,4.358035527711876,S,2,0,Adult
189,1,3,female,,0,2,10.044634170725482,S,3,0,Adult
190,1,2,female,14.230249746537403,0,0,39.996970893628024,Q,1,1,Teen
191,0,1,male,63.23030731804024,0,1,99.36587951367352,S,2,0,Senior
192,0,3,male,20.660409716594092,0,0,2.491898594792771,C,1,1,Adult
193,1,3,female,20.111423591418266,0,2,4.043111023442198,S,3,0,Adult
194,1,3,female,42.656722580185644,0,0,3.7988948946067786,S,1,1,Middle-aged
195,1,2,male,32.5165595903684,0,0,36.421824542210956,S,1,1,Adult
196,0,2,male,41.13654085206831,0,0,33.74156809067898,S,1,1,Middle-aged
197,0,3,male,24.29482345267925,0,0,8.744128268385152,S,1,1,Adult
198,0,3,female,18.939797795591968,1,0,5.444544417292009,S,2,0,Adult
199,0,3,male,,0,1,1.381193196089024,S,2,0,Adult
200,0,3,female,25.78420715317316,0,0,7.562647874771162,Q,1,1,Adult
201,0,3,male,25.957078322790593,1,3,11.855945249551285,S,5,0,Adult
202,0,1,male,24.61352363590494,0,2,296.2181715990006,C,3,0,Adult
203,0,1,male,,3,0,87.75763320104717,S,4,0,Adult
204,1,3,male,,1,1,4.95704944335289,S,3,0,Adult
205,0,3,male,22.842200423439515,0,0,8.954470177519335,Q,1,1,Adult
206,1,1,male,51.93745456716313,4,0,45.6375668951482,C,5,0,Middle-aged
207,0,1,male,49.42501980751387,0,0,301.65573893006683,C,1,1,Middle-aged
208,0,3,female,30.008741568807004,0,0,4.54981605671982,S,1,1,Adult
209,0,1,male,53.22449843644095,0,0,47.136456511248795,S,1,1,Middle-aged
210,0,1,male,,0,0,56.38548121559965,S,1,1,Adult
211,1,3,female,14.063976362894843,2,0,8.890813810540747,S,3,0,Teen
212,1,3,female,,0,0,14.831074426519764,S,1,1,Adult
213,1,3,female,37.21223695283631,0,0,5.686303389817298,C,1,1,Middle-aged
214,1,1,female,45.560339242636914,0,0,48.65414949139754,C,1,1,Middle-aged
215,0,3,male,32.792376212050314,0,1,2.722895336269349,S,2,0,Adult
216,1,1,male,,0,0,36.464519698440974,S,1,1,Adult
217,1,2,female,,0,0,17.07392750551683,C,1,1,Adult
218,1,3,female,17.5014829868134,1,0,7.421711903148993,S,2,0,Teen
219,0,3,male,13.235111082423543,0,0,12.83902703792316,S,1,1,Teen
220,0,3,female,11.927800040974008,1,1,7.843479697529151,S,3,0,Child
221,0,3,male,39.54590426260397,0,0,7.357906540741775,S,1,1,Middle-aged
222,0,3,male,19.082261730950215,1,0,3.330716628274727,Q,2,0,Adult
223,1,1,male,44.358564340657736,1,0,43.696356462158896,S,2,0,Middle-aged
224,0,2,male,27.491746804183684,0,0,17.453438673637667,S,1,1,Adult
225,1,2,male,36.401820921894334,0,5,18.529839389384247,S,6,0,Middle-aged
226,1,2,male,26.198818728772235,1,1,28.61042538823134,C,3,0,Adult
227,0,3,female,,0,0,10.94217266606255,C,1,1,Adult
228,0,2,male,27.77259038498495,3,0,31.01086527037131,S,4,0,Adult
229,0,3,male,,0,0,12.357685769872992,S,1,1,Adult
230,1,3,female,,0,0,6.121228221425177,S,1,1,Adult
231,0,3,female,14.912710870364275,0,1,6.323093429001278,S,2,0,Teen
232,1,3,female,,2,1,26.01353848351943,S,4,0,Adult
233,0,3,female,23.256984468940136,0,0,10.573829361185355,S,1,1,Adult
234,0,3,female,21.153285009685774,1,2,5.037443873298079,S,4,0,Adult
235,1,1,male,34.668790337140955,1,0,132.1170708774403,S,2,0,Adult
236,0,3,male,23.81928420698514,0,0,7.553204843790521,S,1,1,Adult
237,0,2,male,,0,0,11.662396107289934,C,1,1,Adult
238,0,1,male,57.414612925836146,1,0,134.37973864775384,S,2,0,Middle-aged
239,0,3,male,26.43518413860939,0,0,27.79341694175463,S,1,1,Adult
240,1,1,female,34.0817767936757,1,0,33.386262536311875,nan,2,0,Adult
241,0,3,male,45.21218219349977,0,0,7.247005490839753,S,1,1,Middle-aged
242,0,3,male,,0,0,4.675269156573982,S,1,1,Adult
243,0,3,male,45.36918617604124,1,1,5.490958534603692,S,3,0,Middle-aged
244,1,2,female,37.540584432451475,0,0,30.92107798988267,S,1,1,Middle-aged
245,0,1,male,28.908516287587567,0,0,70.04102523877613,C,1,1,Adult
246,0,3,female,1.0,0,1,20.865625311466953,S,2,0,Child
247,1,2,male,26.645180348801482,0,2,18.580069467542938,C,3,0,Adult
248,0,3,male,26.18198017629617,0,2,9.408247581572109,S,3,0,Adult
249,0,3,male,,1,0,5.558836718419394,S,2,0,Adult
250,1,3,female,24.491579073499924,0,0,4.9040440170277755,S,1,1,Adult
251,0,2,male,32.93783248673447,0,0,33.59257819954307,S,1,1,Adult
252,1,2,female,31.335321216639308,0,0,13.847023578220394,S,1,1,Adult
253,1,3,male,28.07466203298374,0,2,6.774085850458197,S,3,0,Adult
254,0,2,male,44.186808347259785,0,0,13.674450812703254,S,1,1,Middle-aged
255,1,1,female,,2,0,33.87413452979273,S,3,0,Adult
256,0,3,female,,1,0,6.736739013711001,C,2,0,Adult
257,1,3,female,23.431155199441143,0,0,4.607127000309013,S,1,1,Adult
258,0,3,female,38.259303066771665,0,1,3.3445447976282296,Q,2,0,Middle-aged
259,0,3,female,1.0,0,0,8.588112714704357,S,1,1,Child
260,1,1,female,51.04771656943405,0,0,92.18583435918553,S,1,1,Middle-aged
261,1,3,female,15.810280239295464,0,0,3.79468740802912,C,1,1,Teen
262,1,3,female,,0,0,14.291735721343365,S,1,1,Adult
263,1,1,female,31.948670251695226,0,0,71.61051064926822,S,1,1,Adult
264,0,3,male,40.835627946924625,0,0,5.559905315060729,S,1,1,Middle-aged
265,0,3,female,,0,0,12.793715682644175,S,1,1,Adult
266,0,3,male,28.825560293907206,2,0,6.33978658368157,S,3,0,Adult
267,0,3,female,27.67709470071873,0,2,8.575899434690296,nan,3,0,Adult
268,0,3,female,,0,2,8.477849777927652,S,3,0,Adult
269,0,2,male,22.11653788321908,0,2,57.00777766422802,C,3,0,Adult
270,0,2,female,25.469344123092483,0,0,23.09130598827322,S,1,1,Adult
271,0,3,male,,1,0,7.121017963886924,S,2,0,Adult
272,0,3,male,23.824162639351705,0,0,3.212000175263234,S,1,1,Adult
273,0,3,female,13.584767282340378,0,2,4.325421483726841,C,3,0,Teen
274,0,3,male,17.75331861213057,0,3,1.1388378259867153,C,4,0,Teen
275,0,3,female,20.284695978323146,1,1,7.623192302500138,S,3,0,Adult
276,1,3,female,16.34739964572413,0,0,16.158397410118063,S,1,1,Teen
277,0,3,male,23.166266595191686,0,2,3.9420863094639538,S,3,0,Adult
278,0,3,male,43.09896883822002,0,0,10.499450841677213,S,1,1,Middle-aged
279,0,3,male,,0,0,9.567198553101598,S,1,1,Adult
280,0,3,male,19.14791230865201,0,0,4.706165627489538,C,1,1,Adult
281,0,3,female,30.517367008603756,0,0,18.576930101970124,S,1,1,Adult
282,1,2,male,13.33310194765071,0,0,41.89708070152848,C,1,1,Teen
283,1,2,male,,1,0,16.744219684426344,S,2,0,Adult
284,1,1,male,14.742595722110092,0,0,512.0,S,1,1,Teen
285,0,3,male,23.813302811236895,0,0,6.287217908960207,S,1,1,Adult
286,0,1,female,28.721017296878877,0,1,40.64900695317335,S,2,0,Adult
287,0,3,male,,4,0,7.211177026980311,C,5,0,Adult
288,0,3,female,36.78783379306532,0,0,11.356594524445367,S,1,1,Middle-aged
289,0,2,male,31.094259286125386,1,1,27.372756735007446,S,3,0,Adult
290,0,3,female,11.70469994902005,0,2,9.708867975321866,S,3,0,Child
291,1,1,male,39.22609506535025,0,0,152.53331933351208,S,1,1,Middle-aged
292,1,1,male,43.543099458774826,0,0,21.22713820964964,S,1,1,Middle-aged
293,1,3,female,23.081007725974715,0,0,2.3772304090929444,C,1,1,Adult
294,0,2,male,44.4714722148545,2,0,19.912812742998632,S,3,0,Middle-aged
295,1,1,female,40.76258167633295,3,0,44.828155206547635,C,4,0,Middle-aged
296,1,3,female,56.652338655566815,0,1,35.251039280110795,S,2,0,Middle-aged
297,0,3,male,35.71893554040554,0,0,12.440122954088153,S,1,1,Middle-aged
298,0,1,male,55.468595677067015,2,1,241.06502147124866,Q,4,0,Middle-aged
299,1,3,female,,0,1,9.360299965154834,S,2,0,Adult
300,0,1,male,,0,2,49.55684966390959,C,3,0,Adult
301,0,1,male,15.950287427937667,0,0,102.91483299836085,S,1,1,Teen
302,0,3,male,27.190351364769263,0,2,2.583379376521142,S,3,0,Adult
303,0,3,male,25.130545098426765,0,0,5.309984541745106,C,1,1,Adult
304,0,3,male,31.732805008310997,0,0,7.308121510892302,C,1,1,Adult
305,1,3,female,,0,0,5.009367297828194,S,1,1,Adult
306,0,3,female,20.544703448628965,0,0,3.4155887181986433,S,1,1,Adult
307,0,3,female,5.237633700485848,0,0,4.716532128505319,S,1,1,Child
308,1,2,female,24.485412706058924,0,0,10.642805037216684,C,1,1,Adult
309,0,3,male,16.89023234760017,1,0,11.575808781192714,S,2,0,Teen
310,1,2,female,42.54301217847693,0,0,28.223960745206995,C,1,1,Middle-aged
311,0,2,male,34.1972342472727,0,0,22.99332754507141,S,1,1,Adult
312,0,1,male,34.41822408335672,2,0,157.40838963745458,S,3,0,Adult
313,0,1,male,33.42034524775663,2,1,101.7888371308703,S,4,0,Adult
314,0,3,male,10.922121291606722,0,0,8.904965518885264,S,1,1,Child
315,1,3,female,4.5415767792326065,0,0,4.044244266117532,Q,1,1,Child
316,1,3,female,25.887193444366027,1,0,7.885605026944122,S,2,0,Adult
317,0,2,male,31.02341080192022,1,0,27.057080559861767,Q,2,0,Adult
318,0,1,male,43.88633468146582,3,0,93.1794669467957,S,4,0,Middle-aged
319,1,1,female,25.89852500720147,1,0,104.17419378929674,C,2,0,Adult
320,0,2,male,37.88837956067485,0,3,43.00668848017388,C,4,0,Middle-aged
321,1,3,male,,0,0,5.060713107246658,S,1,1,Adult
322,1,3,male,26.758110411501317,0,0,2.9675077244593866,S,1,1,Adult
323,0,3,female,21.154449402884275,0,0,1.9639871882019975,S,1,1,Adult
324,0,2,female,19.947486817260366,0,1,10.89404606320861,C,2,0,Adult
325,0,3,male,20.929156392884543,0,0,7.899776848928733,C,1,1,Adult
326,0,3,male,5.289359756402547,0,0,5.130504624526658,S,1,1,Child
327,0,3,female,38.1033540554749,1,0,5.93966694361162,C,2,0,Middle-aged
328,0,3,female,35.84126634985365,0,0,2.344332351650685,S,1,1,Middle-aged
329,1,2,male,,0,0,24.22101421195995,S,1,1,Adult
330,0,2,female,20.37414490188427,0,0,31.51940507369866,C,1,1,Adult
331,0,2,male,,0,0,30.658979615106873,S,1,1,Adult
332,0,3,male,20.97520095545406,1,0,30.8789345605387,C,2,0,Adult
333,1,1,female,43.02856268868912,1,0,26.622121940886945,S,2,0,Middle-aged
334,0,1,male,,5,0,78.40146983635844,S,6,0,Adult
335,0,1,male,28.21953230165524,0,0,203.78109593318723,S,1,1,Adult
336,0,1,male,25.812760518132357,0,0,127.84516523973055,S,1,1,Adult
337,0,3,male,,0,2,22.339478408822846,C,3,0,Adult
338,0,3,female,48.18328449710907,0,1,11.81798310308036,S,2,0,Middle-aged
339,0,3,male,40.439509721242345,1,0,9.252639359627842,S,2,0,Middle-aged
340,1,1,female,51.95931257692347,1,0,134.83797341007855,S,2,0,Middle-aged
341,0,3,male,20.244203601179006,1,0,2.9912006455174573,S,2,0,Adult
342,0,3,male,11.42919649006884,0,0,9.72921276016568,C,1,1,Child
343,1,1,male,18.394126155369253,1,0,191.50262592697672,S,2,0,Adult
344,1,2,female,47.11073699549507,0,3,26.311657672789078,S,4,0,Middle-aged
345,0,2,male,23.051455965982207,1,0,26.675798486915877,Q,2,0,Adult
346,0,3,female,,0,0,2.451004073445434,S,1,1,Adult
347,0,3,male,29.265183089124992,0,0,4.617479370988379,C,1,1,Adult
348,1,1,female,61.96712074143842,0,0,166.48704541844873,S,1,1,Senior
349,0,2,male,,2,0,30.20812525215847,S,3,0,Adult
350,1,3,female,,0,0,4.142635741356313,C,1,1,Adult
351,0,3,female,15.885920063122619,0,0,7.165871178199887,S,1,1,Teen
352,1,3,female,16.345785317782536,1,1,17.620218164532965,S,3,0,Teen
353,1,3,female,4.395256618695413,0,0,11.14322436286574,S,1,1,Child
354,1,1,female,41.988161008865845,0,2,9.224516172185465,S,3,0,Middle-aged
355,0,1,male,,0,1,207.85004833104185,S,2,0,Adult
356,1,3,male,32.096986111436635,0,0,10.285200542066907,C,1,1,Adult
357,0,1,male,,2,1,269.49676557340945,S,4,0,Adult
358,0,3,female,30.65727839793808,1,0,5.773918865200657,S,2,0,Adult
359,0,3,male,37.68419539537763,0,3,11.506549276342417,C,4,0,Middle-aged
360,1,3,female,27.385535060066243,4,0,6.4544049177696285,S,5,0,Adult
361,0,2,male,41.51948009320495,0,0,13.661836633106091,S,1,1,Middle-aged
362,0,3,male,32.46334973142652,0,0,17.56625981330144,C,1,1,Adult
363,0,3,male,15.914477838207398,0,0,2.406187688357563,C,1,1,Teen
364,1,3,female,22.147467494249454,0,4,18.37504868722684,S,5,0,Adult
365,0,3,male,1.0,0,0,10.012888848096186,S,1,1,Child
366,0,2,male,32.07032139507708,2,0,8.30369536396026,S,3,0,Adult
367,0,3,male,20.42804312879931,1,0,7.497373298502615,S,2,0,Adult
368,0,3,male,31.55528331469199,0,2,5.712643976015852,S,3,0,Adult
369,0,1,male,28.33458723405853,0,0,98.01350745807467,C,1,1,Adult
370,1,1,male,,1,0,288.23858484306913,Q,2,0,Adult
371,1,1,female,49.10437113510337,2,0,76.0451765520963,C,3,0,Middle-aged
372,0,1,male,37.76849949653324,1,0,211.14582307248037,S,2,0,Middle-aged
373,0,1,male,,0,0,125.96421970570171,C,1,1,Adult
374,0,3,male,28.253284418764395,1,0,21.26377790177375,S,2,0,Adult
375,0,1,male,,0,0,71.02947634177235,S,1,1,Adult
376,0,2,male,19.91530156553471,0,0,29.701168401303516,S,1,1,Adult
377,0,3,male,6.118602878773377,0,0,12.019340126278264,S,1,1,Child
378,1,1,male,31.106986964090815,0,0,11.105326800964592,C,1,1,Adult
379,0,3,male,23.83442669010835,0,0,6.322678975218699,S,1,1,Adult
380,1,2,female,41.950463719907134,0,1,14.184366930564742,S,2,0,Middle-aged
381,1,1,female,39.90006026767198,0,2,129.20308146288306,Q,3,0,Middle-aged
382,0,3,female,17.963671768344476,1,0,7.324198639625134,S,2,0,Teen
383,0,3,male,9.148896327240386,0,0,8.637413151307706,C,1,1,Child
384,0,3,male,1.0,0,0,17.127107448767518,S,1,1,Child
385,0,3,male,28.475844378517095,0,0,33.7845433452474,S,1,1,Adult
386,0,3,male,,3,0,5.387196026332651,Q,4,0,Adult
387,1,2,female,20.499487793188862,0,0,26.658111298147467,S,1,1,Adult
388,0,1,male,14.763421803307121,0,0,87.82968086919257,S,1,1,Teen
389,0,3,male,34.11907291656966,0,2,7.830621332332878,S,3,0,Adult
390,0,3,male,,1,0,9.261008325448286,S,2,0,Adult
391,0,3,female,,8,0,5.506300021289761,S,9,0,Adult
392,0,2,male,27.339737040011194,0,0,36.023889531668445,S,1,1,Adult
393,0,2,male,16.207540677409526,0,0,24.5426294198918,S,1,1,Teen
394,0,3,male,17.106551328453072,1,0,10.668009538929834,C,2,0,Teen
395,0,2,male,32.07060230165028,0,0,27.038534804539378,S,1,1,Adult
396,0,3,male,33.19912467403991,0,0,9.60484640317721,S,1,1,Adult
397,1,3,male,23.331396162553617,0,0,22.19285334318532,S,1,1,Adult
398,0,2,male,29.449664887571743,0,2,11.841914047627585,Q,3,0,Adult
399,0,3,male,19.69092412907716,0,0,8.387010398577248,Q,1,1,Adult
400,0,3,male,20.90590503195987,0,0,3.2093908586018443,S,1,1,Adult
401,1,1,male,,1,0,63.29013306746674,C,2,0,Adult
402,0,3,male,11.557798735753538,2,0,10.696934784277488,S,3,0,Child
403,1,3,female,34.77309878339909,0,0,3.7854548311753557,S,1,1,Adult
404,1,3,female,51.228539975369856,1,1,6.604024121002375,S,3,0,Middle-aged
405,0,2,male,20.23763580760517,0,4,15.906415455060321,S,5,0,Adult
406,0,3,male,16.834048675899925,0,2,10.522544801501239,S,3,0,Teen
407,1,2,male,24.086727261084757,0,0,12.385906294097747,S,1,1,Adult
408,0,1,male,60.27266866866324,2,1,21.672101719061487,Q,4,0,Senior
409,1,3,female,44.79740423488962,1,0,10.331849433675595,C,2,0,Middle-aged
410,0,1,male,43.02628213578315,0,0,129.00274697057944,S,1,1,Middle-aged
411,1,2,female,35.67195667292056,1,0,12.133896267431304,C,2,0,Middle-aged
412,0,3,male,10.115748974188335,0,1,5.187913580893761,S,2,0,Child
413,0,3,male,,3,0,9.463957894746516,S,4,0,Adult
414,0,3,female,24.19324525418816,1,0,3.672526437328852,S,2,0,Adult
415,1,3,female,11.353854690369278,2,0,2.8281548260833875,S,3,0,Child
416,1,2,female,27.900665207984254,0,0,9.963236883694465,S,1,1,Adult
417,1,2,female,17.16125605103396,0,0,24.145366979758478,C,1,1,Teen
418,0,2,male,14.8237628189273,0,2,30.53688230133281,S,3,0,Teen
419,0,3,female,26.220224745367574,0,0,3.8997263793869563,S,1,1,Adult
420,0,3,male,,0,0,12.137033873610555,S,1,1,Adult
421,1,3,female,41.73550465853411,0,0,2.989754797217745,S,1,1,Middle-aged
422,1,3,male,,0,0,13.406323262473041,C,1,1,Adult
423,1,1,female,18.15326492141319,0,0,89.51562194795596,S,1,1,Adult
424,0,3,male,22.97241752004987,0,0,3.0812185972377604,Q,1,1,Adult
425,0,1,male,35.954784498556485,0,0,27.381751590397705,nan,1,1,Middle-aged
426,0,3,male,14.00630180102388,2,0,36.315146936658635,S,3,0,Teen
427,1,2,female,44.50017381088276,0,0,28.572101625217616,S,1,1,Middle-aged
428,0,3,male,34.12256195596141,0,0,4.495980127256402,C,1,1,Adult
429,0,2,male,23.288040742353058,1,0,16.77452852350644,nan,2,0,Adult
430,0,1,male,44.230502097626655,0,0,149.35764819167468,S,1,1,Middle-aged
431,0,1,male,,0,4,284.7943334924954,C,5,0,Adult
432,0,3,female,3.543214059543608,0,0,7.096605690822208,C,1,1,Child
433,0,3,male,36.18321450779572,0,0,10.28813573718907,S,1,1,Middle-aged
434,1,1,female,5.370833310343407,3,0,89.9372767674125,S,4,0,Child
435,0,1,male,53.20297374851916,0,0,137.09263517621594,C,1,1,Middle-aged
436,0,3,male,44.249095041726875,0,3,9.942813883926926,S,4,0,Middle-aged
437,1,1,female,38.00623691862563,0,0,147.4694927149783,S,1,1,Middle-aged
438,1,3,female,,0,0,7.1237980622836705,S,1,1,Adult
439,0,3,male,22.59430469010546,1,0,13.21310493207259,S,2,0,Adult
440,0,1,male,34.62276507183708,0,0,93.94598678880133,S,1,1,Adult
441,1,1,female,,0,1,28.912506962641164,C,2,0,Adult
442,0,3,male,3.3533304878956542,0,0,9.002798920419258,S,1,1,Child
443,1,2,female,,0,0,20.98107243987554,S,1,1,Adult
444,1,2,female,11.467471759819365,0,0,9.518950793688688,S,1,1,Child
445,0,3,female,28.891105552422363,1,0,14.774972256847123,S,2,0,Adult
446,0,3,male,52.3389168469873,1,2,6.914912113613687,S,4,0,Middle-aged
447,0,3,female,1.4088520702362644,2,0,11.297165736639457,S,3,0,Child
448,0,3,male,24.005671929569015,1,0,1.8526419415596687,S,2,0,Adult
449,1,2,male,27.47799710649718,1,0,12.996622141601163,S,2,0,Adult
450,1,1,male,,0,0,50.54481083248295,S,1,1,Adult
451,0,3,male,11.155206511308574,1,0,33.94714034944479,S,2,0,Child
452,1,3,female,14.858456670080798,1,0,26.352001552187808,Q,2,0,Teen
453,1,2,female,28.369743403341065,1,0,21.756668072227484,S,2,0,Adult
454,0,3,female,23.704064198033585,0,0,12.06395416279741,S,1,1,Adult
455,0,1,male,37.36019676464509,0,0,70.99753360365204,C,1,1,Middle-aged
456,1,3,male,,1,3,5.034712269576119,S,5,0,Adult
457,0,1,male,,1,0,98.94233602759147,S,2,0,Adult
458,0,3,female,31.98134751662667,4,0,9.667390366611672,S,5,0,Adult
459,0,1,male,22.65036519388038,0,0,29.462048030514566,S,1,1,Adult
460,1,1,female,,0,0,92.20987929990962,C,1,1,Adult
461,1,1,male,55.42297306429481,0,0,82.9522550194701,Q,1,1,Middle-aged
462,0,3,male,30.34677497532988,1,1,6.537367255533253,S,3,0,Adult
463,1,3,female,47.30773233332104,0,0,2.478536514831604,S,1,1,Middle-aged
464,0,3,male,36.786147841200254,0,0,5.694954695540855,S,1,1,Middle-aged
465,0,3,female,,8,0,20.01047951538774,Q,9,0,Adult
466,1,2,female,36.56353314555948,0,0,21.68887741512942,C,1,1,Middle-aged
467,0,2,male,30.82614877540623,1,0,15.294451810483176,S,2,0,Adult
468,0,3,male,,0,0,12.045366216715555,S,1,1,Adult
469,0,1,male,,1,0,319.65085228174183,S,2,0,Adult
470,1,3,female,15.340486958750327,0,0,8.403576241208711,S,1,1,Teen
471,1,1,male,36.73825362612584,1,0,192.36207782619826,S,2,0,Middle-aged
472,1,3,male,3.2997228109910495,2,0,21.26371585768459,S,3,0,Child
473,0,1,male,35.415814714565585,0,0,55.72443912948036,S,1,1,Middle-aged
474,1,3,female,15.739465357833515,0,0,3.7182251149721885,Q,1,1,Teen
475,0,3,male,18.99536691855479,0,0,5.577225539307553,nan,1,1,Adult
476,0,3,female,30.262021234788854,0,0,3.5350742754489572,S,1,1,Adult
477,1,1,female,44.94630867837111,1,0,46.42226167036169,S,2,0,Middle-aged
478,0,3,male,37.64705093687744,0,0,21.367571872788965,C,1,1,Middle-aged
479,0,3,male,13.365957929848127,0,0,15.628260153055177,S,1,1,Teen
480,1,3,female,24.03153217339447,0,0,25.14638885434995,S,1,1,Adult
481,0,3,male,35.66527740413381,1,0,9.850774263616344,S,2,0,Middle-aged
482,1,3,female,29.334396925016783,3,0,8.051513809219573,S,4,0,Adult
483,0,3,male,30.107131041553558,0,0,4.059355288252734,S,1,1,Adult
484,0,3,male,38.29651430059881,0,2,8.686765611523532,S,3,0,Middle-aged
485,0,3,female,20.125090613565664,0,0,6.833132668176664,S,1,1,Adult
486,0,3,male,17.598029474532748,0,0,11.7891122963632,S,1,1,Teen
487,0,1,male,20.439815918899473,0,0,102.42098247516624,S,1,1,Adult
488,1,2,male,13.274027474244924,0,0,20.55828932250223,S,1,1,Teen
489,0,3,male,,0,0,2.8745660553608348,C,1,1,Adult
490,0,3,male,29.437281245380674,0,0,9.04821549624235,S,1,1,Adult
491,0,3,male,17.51979183651686,0,0,11.083429209810127,S,1,1,Teen
492,0,3,female,29.060608321733703,0,0,2.792937599724737,S,1,1,Adult
493,1,2,male,61.7404414849819,0,0,6.478095770639104,S,1,1,Senior
494,1,1,female,51.55209064916887,1,0,226.0069626707696,S,2,0,Middle-aged
495,0,3,male,8.234172321422179,1,0,6.64207905262092,C,2,0,Child
496,1,2,female,36.032578701279085,0,0,9.36698277994673,S,1,1,Middle-aged
497,0,3,male,28.850518134214926,0,0,16.896291049079295,S,1,1,Adult
498,1,1,female,,1,0,100.52582355894342,S,2,0,Adult
499,0,3,male,34.16000981120652,2,0,10.584850151901884,S,3,0,Adult
500,0,3,male,31.13591972994826,0,0,2.84786977841151,S,1,1,Adult
501,0,3,male,40.964580227896725,0,0,16.05317824257998,S,1,1,Middle-aged
502,0,3,male,,0,0,10.91093681879549,S,1,1,Adult
503,0,2,male,,0,1,37.530106710089676,S,2,0,Adult
504,0,3,male,14.538751743501074,0,6,2.9298148947414044,S,7,0,Teen
505,0,3,female,18.501891994645106,0,0,7.059143071464075,S,1,1,Adult
506,0,1,male,59.366608443063264,1,0,84.19783000463505,S,2,0,Middle-aged
507,0,3,male,37.980660332741124,0,0,5.726152840373969,S,1,1,Middle-aged
508,1,3,male,,0,0,4.839158308257626,S,1,1,Adult
509,1,3,female,20.524713754838363,0,0,11.39143257561387,S,1,1,Adult
510,0,3,male,47.18020755120912,0,0,1.5521716087280883,S,1,1,Middle-aged
511,0,3,male,23.74841786346728,0,2,17.425883775766486,Q,3,0,Adult
512,0,2,male,26.997746001514045,0,0,11.458432877224917,C,1,1,Adult
513,0,3,female,,1,0,8.384720932576263,S,2,0,Adult
514,0,3,female,,0,0,6.777095770357263,S,1,1,Adult
515,0,1,male,48.9777862721058,1,1,102.04152190573697,S,3,0,Middle-aged
516,1,1,female,,2,0,48.90494231890628,S,3,0,Adult
517,1,2,female,,0,0,9.537527913435193,S,1,1,Adult
518,0,3,male,25.523027180674912,0,0,14.632291613180238,S,1,1,Adult
519,0,3,female,24.18233063455172,0,1,25.94651840317474,C,2,0,Adult
520,0,1,male,20.960314367059325,1,0,41.15550513908083,C,2,0,Adult
521,0,3,male,1.0,2,1,9.534145216352886,S,4,0,Child
522,0,2,male,46.41718178116575,1,0,13.890734257450118,S,2,0,Middle-aged
523,0,3,male,38.498044721388425,0,0,9.983999977330761,S,1,1,Middle-aged
524,0,3,male,40.18534623869985,0,0,4.632474214637859,C,1,1,Middle-aged
525,0,3,female,,0,0,15.285871251553006,C,1,1,Adult
526,0,3,male,36.04717891254179,0,0,6.958252455386358,C,1,1,Middle-aged
527,0,2,male,,0,1,21.377809643941344,S,2,0,Adult
528,1,2,male,15.83659675412554,0,0,16.69264757900353,S,1,1,Teen
529,1,1,female,18.78675559580832,1,0,16.863884041898256,S,2,0,Adult
530,0,3,male,26.3056445164649,0,0,11.144045467455067,S,1,1,Adult
531,0,3,male,37.01639747549035,0,0,5.052726178073194,S,1,1,Middle-aged
532,0,3,male,28.175014432349332,0,0,15.146636987727828,S,1,1,Adult
533,0,3,male,23.486418876113863,1,0,21.586179442898153,S,2,0,Adult
534,1,3,female,,1,0,6.310757275232573,S,2,0,Adult
535,0,3,female,15.368063317195425,0,0,1.980889052104555,S,1,1,Teen
536,0,3,male,24.073390678384605,0,3,4.889635509181762,S,4,0,Adult
537,1,3,female,36.949374740530345,0,0,31.803673259271243,S,1,1,Middle-aged
538,0,2,male,37.378096767635675,2,1,30.08078860458993,S,4,0,Middle-aged
539,0,3,female,19.40435227066105,0,0,21.383352318433776,S,1,1,Adult
540,0,1,male,37.26040793595323,0,0,50.33201678451682,S,1,1,Middle-aged
541,0,3,male,28.730298289537735,0,0,5.060171552919156,S,1,1,Adult
542,0,3,male,6.055897577164128,0,0,11.793075606257974,Q,1,1,Child
543,1,1,female,26.5563874432971,1,1,181.39062871099904,S,3,0,Adult
544,0,3,male,39.14738079084001,0,0,12.320992424443018,S,1,1,Middle-aged
545,0,3,male,32.16110375562219,0,0,7.410858837868214,S,1,1,Adult
546,1,2,male,,0,1,41.13738194832252,C,2,0,Adult
547,1,1,female,16.636983937183658,0,0,136.24105473595466,S,1,1,Teen
548,1,3,male,,2,0,14.723087468361738,S,3,0,Adult
549,0,3,female,9.715391191294607,0,0,5.082811568325036,S,1,1,Child
550,1,3,female,,1,1,13.738162190077169,S,3,0,Adult
551,0,3,male,19.099145814511274,1,0,5.404318274827384,C,2,0,Adult
552,0,3,female,19.17359153632603,0,0,6.7243768669574715,S,1,1,Adult
553,0,3,male,,0,0,6.64207076737647,C,1,1,Adult
554,0,3,female,17.489385629182188,0,2,4.059816004229237,C,3,0,Teen
555,0,3,male,26.14883000639876,1,0,2.608275914183313,S,2,0,Adult
556,1,2,female,19.30537799871899,0,0,16.941122963062632,S,1,1,Adult
557,1,1,female,,0,0,29.79808144641114,S,1,1,Adult
558,1,1,female,44.88158969228233,0,2,64.78099016506133,C,3,0,Middle-aged
559,1,3,female,38.13605963656332,1,1,4.766298138182126,S,3,0,Middle-aged
560,0,3,male,,0,6,6.334477157318877,Q,7,0,Adult
561,0,3,male,,0,0,5.454594252986563,S,1,1,Adult
562,1,1,female,54.305312919022,0,0,68.92485331122441,S,1,1,Middle-aged
563,0,1,male,47.39037324330285,0,0,117.44436010021332,C,1,1,Middle-aged
564,1,1,male,33.90836333337523,1,1,110.32133227947274,S,3,0,Adult
565,1,2,female,32.21772362987687,0,0,67.99460428580218,S,1,1,Adult
566,1,3,female,32.55977008417042,1,0,5.558519551567764,S,2,0,Adult
567,1,2,female,34.70004738738326,1,1,14.56006440945211,S,3,0,Adult
568,0,2,male,,0,0,12.770084801441559,S,1,1,Adult
569,0,3,female,29.596985884537826,1,0,12.24312215101911,S,2,0,Adult
570,0,2,male,31.732121607560327,0,0,14.3921899110681,S,1,1,Adult
571,0,3,female,11.243196319386588,0,0,8.26458562506335,Q,1,1,Child
572,0,3,male,30.58927982188988,0,0,4.167624212405024,Q,1,1,Adult
573,1,2,female,20.519846375027086,0,0,27.761308814483968,S,1,1,Adult
574,0,3,female,,0,0,6.411518733202262,C,1,1,Adult
575,0,3,male,33.48623422060114,0,0,1.3860763762815183,S,1,1,Adult
576,1,3,female,,1,0,9.338700279953601,S,2,0,Adult
577,0,1,male,12.631455384185319,0,0,66.95634244952863,S,1,1,Teen
578,1,3,female,,0,0,5.612336683225172,Q,1,1,Adult
579,0,3,female,,0,0,7.415798682260011,Q,1,1,Adult
580,0,2,male,21.29883934830987,1,0,12.88510697373788,S,2,0,Adult
581,1,3,female,27.393823593314956,1,0,8.031930309197808,S,2,0,Adult
582,0,3,female,24.02862152507388,0,0,6.110297932402888,S,1,1,Adult
583,0,3,male,25.946833973734762,1,1,4.36521746612149,S,3,0,Adult
584,0,2,male,,0,0,42.00826310367501,S,1,1,Adult
585,1,3,female,,0,1,2.680175478470099,S,2,0,Adult
586,1,2,female,46.04304525077656,1,0,43.47652118194258,C,2,0,Middle-aged
587,1,1,female,60.87527456933107,1,0,31.366417319428027,S,2,0,Senior
588,1,1,female,62.56685762785219,1,0,190.4530347268837,Q,2,0,Senior
589,0,1,male,62.76280496563189,1,0,84.81470728067517,S,2,0,Senior
590,1,1,female,31.109990787255963,0,0,95.17810091456047,S,1,1,Adult
591,1,1,male,19.043742981022344,1,0,275.9850081839416,C,2,0,Adult
592,1,3,male,20.51884365980583,0,4,14.25730904568827,C,5,0,Adult
593,1,1,male,47.85098262110445,0,0,123.04060700880235,S,1,1,Middle-aged
594,0,2,male,37.79396837831088,0,0,7.143370494038978,S,1,1,Middle-aged
595,0,3,male,10.161755963839937,0,1,5.837774403780081,Q,2,0,Child
596,1,3,male,33.10611997215743,0,0,8.672755444107912,S,1,1,Adult
597,0,3,female,30.662348056372096,0,1,14.16971171712789,S,2,0,Adult
598,1,1,male,39.97637018168158,0,0,298.264664737652,S,1,1,Middle-aged
599,0,1,male,53.658407027870275,0,2,508.40900822553743,C,3,0,Middle-aged
600,0,1,male,45.6904190238152,0,0,110.29764374395779,C,1,1,Middle-aged
601,0,1,male,47.6853375056722,0,0,19.939580966016162,Q,1,1,Middle-aged
602,0,2,male,16.40803495728423,0,0,11.129308583766326,S,1,1,Teen
603,0,1,male,37.07399401176866,1,0,319.9125948244188,S,2,0,Middle-aged
604,0,1,male,28.85671674109529,1,0,148.8675284644091,S,2,0,Adult
605,1,1,female,54.65321059731059,1,0,121.29584252848592,C,2,0,Middle-aged
606,0,3,male,12.476627078372358,0,0,8.584279238369753,S,1,1,Teen
607,1,1,male,45.81608344658115,1,0,39.16112550901526,S,2,0,Middle-aged
608,0,2,male,36.716405668937064,0,1,46.338886047630936,S,2,0,Middle-aged
609,0,3,female,28.771393060876434,0,0,7.985445742642772,S,1,1,Adult
610,0,3,male,,0,0,4.698677976678992,C,1,1,Adult
611,0,1,male,53.58125142290084,1,0,36.216280712696125,S,2,0,Middle-aged
612,0,3,male,,0,0,4.390892028446858,Q,1,1,Adult
613,0,3,male,28.519299583123775,0,0,7.449667262396572,S,1,1,Adult
614,0,1,male,50.146849174685904,0,2,75.58169160150683,C,3,0,Middle-aged
615,0,3,male,,1,2,19.700222285114968,C,4,0,Adult
616,0,3,male,,0,0,5.16322675716614,S,1,1,Adult
617,0,1,male,21.115997184985428,0,1,35.332314682773614,Q,2,0,Adult
618,0,2,male,36.37315922741529,0,0,22.581297535970883,S,1,1,Middle-aged
619,0,3,female,13.86494440658024,0,0,21.824945624151155,C,1,1,Teen
620,1,3,female,,0,0,9.823982464513719,C,1,1,Adult
621,1,1,female,51.336377525084686,0,0,147.60493290994864,C,1,1,Middle-aged
622,1,1,female,44.63170391425118,1,0,196.90632578197742,S,2,0,Middle-aged
623,1,2,male,8.646846613780468,0,0,9.488363758992545,S,1,1,Child
624,0,3,male,20.74985493357159,1,0,4.2348123616342335,S,2,0,Adult
625,0,3,male,11.277286482813995,0,0,7.853328495578521,S,1,1,Child
626,0,2,male,23.98356873998618,0,0,15.389463294813329,C,1,1,Adult
627,1,3,female,41.15972117721378,0,2,10.74074855378208,C,3,0,Middle-aged
628,0,3,male,9.865457777772288,0,0,6.5723951713052395,Q,1,1,Child
629,1,1,female,22.55544139768474,0,0,47.687558068730574,S,1,1,Adult
630,1,2,male,,1,0,17.147154262534904,C,2,0,Adult
631,0,3,female,37.40668946882069,0,0,33.2202339725704,Q,1,1,Middle-aged
632,0,3,male,,0,0,6.1079457135936455,C,1,1,Adult
633,0,3,male,36.671411712492905,1,0,8.031188406264794,S,2,0,Middle-aged
634,0,3,male,23.673572835907816,0,0,12.2822526779793,S,1,1,Adult
635,1,1,male,13.653081164537927,1,0,27.301545278378924,S,2,0,Teen
636,0,2,male,,0,0,45.895839851184085,S,1,1,Adult
637,0,3,male,,0,0,2.865021725843052,S,1,1,Adult
638,1,2,female,26.49589745384369,1,0,30.096539583388186,Q,2,0,Adult
639,0,2,male,,0,0,44.87707872975083,S,1,1,Adult
640,0,2,male,,0,1,31.540312200322525,S,2,0,Adult
641,0,1,male,42.647195793336095,1,0,59.74375791927682,S,2,0,Middle-aged
642,1,2,female,25.47189507662628,0,2,31.302287629209708,C,3,0,Adult
643,0,1,male,44.00306895914214,0,0,65.39970658674785,Q,1,1,Middle-aged
644,0,2,male,23.22021706761509,0,5,27.82493124965587,C,6,0,Adult
645,0,1,male,,1,0,206.71660505642816,S,2,0,Adult
646,0,3,male,8.602628477271239,2,0,4.738220925113959,S,3,0,Child
647,0,3,female,4.331879717562568,0,6,1.6543159490764605,C,7,0,Child
648,0,3,male,1.8005191400131224,0,0,14.6995906311833,S,1,1,Child
649,0,3,male,37.82973116723096,1,0,6.222491553810468,S,2,0,Middle-aged
650,1,3,female,15.718750097588082,0,0,3.74379162921576,S,1,1,Teen
651,0,1,male,54.694951826440594,0,0,181.46654235349172,S,1,1,Middle-aged
652,0,3,male,23.62339451050505,1,2,32.3992138715239,S,4,0,Adult
653,0,3,male,14.363498312320239,1,0,6.921663306214884,S,2,0,Teen
654,0,3,female,35.217726850668384,1,0,13.074578657466581,S,2,0,Middle-aged
655,0,2,male,22.617747891412712,0,0,26.805220373237375,S,1,1,Adult
656,1,1,female,42.318301516641206,0,0,309.9366439414814,S,1,1,Middle-aged
657,0,2,male,34.0878496369457,0,0,26.435683724487326,S,1,1,Adult
658,0,2,male,,0,0,14.439765959531114,S,1,1,Adult
659,0,3,male,13.492285077586626,0,0,5.587758926641639,S,1,1,Teen
660,1,3,female,35.47502016799944,1,0,20.56789952251413,S,2,0,Middle-aged
661,0,2,male,24.884777319882897,0,2,39.68734925965353,S,3,0,Adult
662,0,3,female,7.886531574865884,1,0,3.532415640916432,S,2,0,Child
663,1,3,female,28.33958774953398,0,0,5.334949629273841,S,1,1,Adult
664,0,1,male,31.520580391246845,0,0,110.53591373715255,S,1,1,Adult
665,0,1,male,29.422274957713483,0,0,323.17631727973014,C,1,1,Adult
666,0,1,male,,0,0,64.1056113874646,S,1,1,Adult
667,0,2,male,,0,3,44.15924388168792,S,4,0,Adult
668,1,1,female,27.343390612597343,3,0,28.802768396266455,S,4,0,Adult
669,1,1,female,32.65866205131799,1,1,189.08602091283657,Q,3,0,Adult
670,0,2,male,25.791474664518045,0,0,28.67698713842296,S,1,1,Adult
671,0,1,male,57.169567163906265,0,0,157.41262311850963,S,1,1,Middle-aged
672,0,3,female,14.87918141851555,2,0,5.811537207260313,S,3,0,Teen
673,0,1,male,32.68833701419821,0,0,82.72674438044685,C,1,1,Adult
674,0,3,female,,0,0,4.796634086247121,C,1,1,Adult
675,0,2,male,32.53920456706208,0,1,16.90601299247317,S,2,0,Adult
676,1,3,female,35.304262137587514,2,0,6.235222310890186,S,3,0,Middle-aged
677,0,1,male,11.146605592946905,0,2,161.67111368602446,S,3,0,Child
678,1,2,male,19.67768765493002,0,0,8.454906685553889,Q,1,1,Adult
679,0,3,male,18.92076630069022,2,0,21.64744869285915,S,3,0,Adult
680,1,3,male,14.808046170047103,0,0,5.6670156822315985,S,1,1,Teen
681,0,3,male,21.582896458119777,0,0,12.260498797645177,Q,1,1,Adult
682,0,2,female,22.88313438681324,0,4,49.379339946632335,Q,5,0,Adult
683,1,1,female,21.680597735958692,1,0,504.06103306446573,Q,2,0,Adult
684,0,3,male,38.98392901362594,0,0,11.897971460504358,C,1,1,Middle-aged
685,0,3,male,21.95075855157335,5,0,6.185548391493617,nan,6,0,Adult
686,0,3,male,,0,0,6.325093857413786,S,1,1,Adult
687,0,3,male,25.336945288575887,0,0,6.37118930231755,C,1,1,Adult
688,0,2,male,34.336986285263755,5,0,30.357843478874464,C,6,0,Adult
689,0,3,male,10.757425244871143,0,0,12.668640656320319,S,1,1,Child
690,1,1,male,32.48677384179091,0,0,294.51441375010677,S,1,1,Adult
691,1,2,male,18.862288340651393,0,0,15.392326975588299,Q,1,1,Adult
692,1,2,male,30.872695528839447,0,0,28.561650431646864,S,1,1,Adult
693,0,3,male,33.70634047645582,0,0,12.22067703174084,C,1,1,Adult
694,0,2,female,13.374860782626111,0,0,45.45008806566345,S,1,1,Teen
695,0,1,male,,0,0,139.05619302008688,S,1,1,Adult
696,0,3,female,24.860075729334213,1,0,6.173275243179664,S,2,0,Adult
697,1,2,male,,0,0,38.47945537057552,S,1,1,Adult
698,0,3,male,19.470699835220167,8,0,21.476547881704757,S,9,0,Adult
699,1,1,female,55.133944780032195,0,0,79.41274381037216,S,1,1,Middle-aged
700,0,3,female,31.567632097323685,0,0,13.222296308241734,S,1,1,Adult
701,0,3,female,41.36898324958021,0,0,8.513549034698983,S,1,1,Middle-aged
702,1,1,male,,0,1,147.21704159367368,S,2,0,Adult
703,0,2,male,32.65773237211099,0,0,18.901478771815906,S,1,1,Adult
704,1,1,female,36.95358164589767,1,0,22.448017923321537,C,2,0,Middle-aged
705,0,1,male,1.0,1,0,87.1951492267298,S,2,0,Child
706,1,3,male,25.120215081992857,3,0,13.90816676960475,S,4,0,Adult
707,0,2,male,41.310542741441665,0,0,12.321936825887013,S,1,1,Middle-aged
708,0,3,male,23.699142485502602,1,0,14.221848000568055,S,2,0,Adult
709,1,2,female,42.57421357758188,0,0,30.279213062870067,S,1,1,Middle-aged
710,0,3,male,21.21879596777577,0,0,10.727753858986718,S,1,1,Adult
711,0,3,male,36.117782501262596,1,1,6.535119147544296,C,3,0,Middle-aged
712,0,3,male,27.74395633764063,0,0,3.9193609600201214,Q,1,1,Adult
713,0,3,male,45.75862478420133,0,0,12.412986010116848,C,1,1,Middle-aged
714,0,2,male,11.358866418398485,0,0,23.904181633009753,S,1,1,Child
715,1,2,male,50.95045603362188,0,0,34.92117640793699,S,1,1,Middle-aged
716,0,3,male,46.979467415900636,1,0,8.65742557649477,S,2,0,Middle-aged
717,0,3,female,16.200818878163755,0,1,3.940525574564361,C,2,0,Teen
718,0,3,male,16.96235970308966,4,0,6.067432644959834,Q,5,0,Teen
719,0,1,male,20.734236431843726,0,1,48.53123988798947,S,2,0,Adult
720,1,3,female,38.78135147840469,0,0,8.077631383708004,S,1,1,Middle-aged
721,1,3,female,9.958508641298506,0,1,9.801405110713835,S,2,0,Child
722,0,1,male,50.09308554397526,0,0,294.20723096584345,C,1,1,Middle-aged
723,0,1,male,25.507444537361746,0,0,265.5136890689509,C,1,1,Adult
724,0,3,male,,1,0,8.31826607457387,S,2,0,Adult
725,1,3,female,18.23580805202026,1,0,1.9441453238943958,Q,2,0,Adult
726,0,3,female,29.983270949359287,2,3,8.467880974149654,S,6,0,Adult
727,1,1,female,25.278895859619865,1,0,56.19177166220335,Q,2,0,Adult
728,0,3,male,52.28729246412641,1,0,10.279587351252035,Q,2,0,Middle-aged
729,1,1,female,,0,2,91.03869429952086,C,3,0,Adult
730,0,1,male,31.974603330441774,1,0,105.79339864672106,S,2,0,Adult
731,0,1,male,43.32534027502836,0,0,50.03496656195371,S,1,1,Middle-aged
732,0,3,male,17.959926708337488,0,0,6.712521608422115,S,1,1,Teen
733,0,3,female,45.0085881152634,0,0,11.084218737554462,S,1,1,Middle-aged
734,0,3,male,20.06234591034447,0,1,7.706583468584572,C,2,0,Adult
735,1,2,female,,0,0,8.488564991220032,S,1,1,Adult
736,0,3,male,18.127820318088414,3,0,1.279378893313416,S,4,0,Adult
737,0,2,male,26.539293596396412,0,0,25.17996514106234,C,1,1,Adult
738,0,3,male,29.975132206487388,0,1,3.725870480622018,S,2,0,Adult
739,0,2,male,38.884885468526846,0,0,40.86156638278836,S,1,1,Middle-aged
740,1,2,female,,0,1,13.314215038082763,S,2,0,Adult
741,0,3,male,21.315300173095455,0,0,6.882286502212899,S,1,1,Adult
742,0,2,female,15.19802899266116,0,0,42.41115638631957,S,1,1,Teen
743,1,3,female,32.20142740955932,0,2,10.902058163997879,C,3,0,Adult
744,1,3,female,20.25741997859139,0,0,8.036037022977968,S,1,1,Adult
745,0,1,male,28.44652607999747,1,0,45.335661075880985,Q,2,0,Adult
746,0,3,male,48.37893190161732,1,0,8.563990241941312,S,2,0,Middle-aged
747,0,2,male,,0,0,15.465512205488217,S,1,1,Adult
748,0,3,female,24.28961710709677,0,0,9.343194429751213,S,1,1,Adult
749,1,3,female,7.423637515672667,0,6,17.60140706777245,S,7,0,Child
750,1,3,male,40.777775738131375,1,0,9.812424453626555,S,2,0,Middle-aged
751,1,1,female,56.95626799320132,0,0,82.92464363569188,S,1,1,Middle-aged
752,0,3,male,,0,0,4.364613548767506,S,1,1,Adult
753,0,3,male,58.226707715531305,1,0,17.279573641699717,S,2,0,Middle-aged
754,0,2,male,27.4508528410744,0,0,15.348420365601655,S,1,1,Adult
755,1,1,female,27.996341881407815,0,0,67.71663706822353,S,1,1,Adult
756,0,3,male,,0,1,9.233853078124163,C,2,0,Adult
757,0,3,female,22.19785050898122,2,0,4.355955047446484,Q,3,0,Adult
758,0,3,female,56.658103079447194,1,1,14.203087942542245,S,3,0,Middle-aged
759,0,3,female,23.066915472859918,1,0,2.6906333843946095,S,2,0,Adult
760,0,3,male,8.507543148457025,0,0,13.158709825384019,Q,1,1,Child
761,1,1,male,37.025905075102834,0,0,8.642696097481961,S,1,1,Middle-aged
762,1,2,male,12.946162318252547,3,0,16.931514558342908,Q,4,0,Teen
763,0,2,male,,3,0,12.183131778177017,S,4,0,Adult
764,0,3,male,23.396826480066768,0,2,2.627461386647436,C,3,0,Adult
765,1,1,female,,1,0,111.33269713083922,S,2,0,Adult
766,0,3,male,31.680830066031227,0,2,6.425823538519276,Q,3,0,Adult
767,0,3,male,12.100424467290184,0,0,11.431791142860227,S,1,1,Teen
768,0,3,male,,0,4,7.092729355727652,S,5,0,Adult
769,1,2,male,14.090474743749029,0,0,27.749690424910366,S,1,1,Teen
770,0,3,male,,2,2,1.723245542201228,S,5,0,Adult
771,0,1,male,29.608869086235533,0,0,91.2591930793496,C,1,1,Adult
772,1,3,female,50.285422278472275,0,0,5.005374770299793,S,1,1,Middle-aged
773,0,1,male,,2,2,81.56105274776105,Q,5,0,Adult
774,0,2,female,29.80898585997309,1,0,17.115966397386888,S,2,0,Adult
775,0,3,female,21.118246937480475,0,0,2.932201076433584,C,1,1,Adult
776,1,1,male,50.41425303376359,0,0,73.63389649708826,S,1,1,Middle-aged
777,1,1,female,,0,2,201.4096583159904,Q,3,0,Adult
778,0,3,male,29.80830204502848,0,0,12.027519852860552,Q,1,1,Adult
779,1,3,female,31.703518393054168,3,0,6.488903921341543,S,4,0,Adult
780,0,3,male,1.0,2,0,2.6045151431732774,C,3,0,Child
781,0,3,female,,0,0,26.081515720909277,C,1,1,Adult
782,0,3,female,,0,1,9.519810839048672,S,2,0,Adult
783,1,2,female,33.46358581078056,0,0,20.981987928041892,S,1,1,Adult
784,0,2,female,19.305396623497206,1,0,8.340125592419252,S,2,0,Adult
785,0,1,male,41.48850140399456,0,2,284.98326105026314,C,3,0,Middle-aged
786,0,3,male,33.77921322590128,0,0,14.657252136585646,S,1,1,Adult
787,0,3,male,36.17523515194689,0,0,3.917203067145863,S,1,1,Middle-aged
788,0,2,male,20.343305130979427,0,0,44.14892864675857,S,1,1,Adult
789,0,3,female,37.39068174824317,0,0,11.734114596803884,S,1,1,Middle-aged
790,1,3,male,43.76680173879439,0,0,9.029478132506473,C,1,1,Middle-aged
791,1,1,female,58.00763825971443,2,0,35.44092828906892,Q,3,0,Middle-aged
792,0,3,male,15.535936826183649,1,0,16.571292836870107,S,2,0,Teen
793,1,3,female,35.77052284364554,1,0,4.59307967801839,S,2,0,Middle-aged
794,0,3,male,38.562637262049776,0,0,8.155573463069882,C,1,1,Middle-aged
795,1,1,female,48.55716438406661,0,0,37.482544331795644,S,1,1,Middle-aged
796,0,3,female,16.07336721609299,0,0,2.450423756180322,S,1,1,Teen
797,0,3,male,17.173438120833932,0,0,8.774063130702947,S,1,1,Teen
798,0,3,male,5.738860431472649,1,0,15.654373861622878,S,2,0,Child
799,1,3,female,,0,0,16.874447495350303,S,1,1,Adult
800,0,3,male,10.03248825963816,0,0,22.521858479011893,C,1,1,Child
801,0,3,male,21.470818314332398,1,0,2.5491718080138135,S,2,0,Adult
802,0,1,male,39.92982306833097,2,0,154.3180513201491,C,3,0,Middle-aged
803,0,3,male,30.201673979708467,0,0,8.255699898839074,S,1,1,Adult
804,0,3,male,18.897252960691826,0,0,19.304486005537665,S,1,1,Adult
805,0,2,male,,0,0,19.21216562248011,C,1,1,Adult
806,0,3,male,26.483937941815135,0,1,5.373716273885058,S,2,0,Adult
807,0,3,male,7.047825314206875,0,2,3.5638322986971454,S,3,0,Child
808,0,3,female,36.51328638499707,0,0,11.770383926848224,S,1,1,Middle-aged
809,0,3,male,40.42462334817125,2,0,10.061191955742073,S,3,0,Middle-aged
810,1,1,female,54.0563087895266,0,0,53.09964569593618,C,1,1,Middle-aged
811,0,3,male,20.21876608781465,0,0,2.0168117839964106,S,1,1,Adult
812,0,3,male,39.919746698142035,0,0,9.479647581171706,C,1,1,Middle-aged
813,0,1,male,,0,0,88.13089361458495,S,1,1,Adult
814,1,3,male,32.05894535141955,1,0,4.087073110472782,S,2,0,Adult
815,0,3,male,23.892335274390714,0,0,3.6230019566541483,Q,1,1,Adult
816,0,3,male,43.67568866176329,0,0,10.951987071189164,C,1,1,Middle-aged
817,0,3,male,30.880955539017947,0,0,22.507221628836238,S,1,1,Adult
818,0,2,male,,1,0,7.353894026205328,S,2,0,Adult
819,1,1,female,36.47969841002578,0,0,55.39677490660463,S,1,1,Middle-aged
820,0,2,male,,1,0,21.75470993384549,S,2,0,Adult
821,0,3,male,19.441130356929577,0,0,10.817355541818872,C,1,1,Adult
822,1,1,female,20.480704550016505,0,0,111.02849597777599,C,1,1,Adult
823,0,2,male,,0,0,15.147052379965345,S,1,1,Adult
824,0,2,male,25.435112911069847,2,0,10.679205279454035,C,3,0,Adult
825,0,3,female,,2,0,5.878123488579908,S,3,0,Adult
826,1,3,male,36.7368624075652,0,1,2.8420062153419097,S,2,0,Middle-aged
827,1,2,female,40.34180163862588,0,2,15.453348200565694,S,3,0,Middle-aged
828,0,2,female,,0,0,66.89078260897072,Q,1,1,Adult
829,0,3,male,27.384110290360994,0,0,6.16167266999655,C,1,1,Adult
830,0,3,male,,0,0,9.11886436150106,S,1,1,Adult
831,0,1,male,67.05892559032173,1,1,50.16861723853704,S,3,0,Senior
832,0,3,male,50.348196513829045,2,0,10.098221595252339,Q,3,0,Middle-aged
833,0,1,male,49.546486092012174,0,2,31.780346314375688,S,3,0,Middle-aged
834,1,1,female,,0,0,119.99760464514505,S,1,1,Adult
835,0,3,male,25.418402593349754,1,0,12.019354670125875,Q,2,0,Adult
836,0,2,male,26.662569236265142,1,2,7.057338184524303,C,4,0,Adult
837,1,3,female,23.942513907919665,0,0,5.504273467507373,S,1,1,Adult
838,1,2,female,20.624439518123296,0,0,17.811594068547485,S,1,1,Adult
839,0,3,male,29.880729633533367,0,0,14.710181473586175,S,1,1,Adult
840,0,3,male,13.457381653528609,0,0,4.810699445500358,S,1,1,Teen
841,1,1,male,14.096617244384184,0,0,173.71416858401605,Q,1,1,Teen
842,0,3,male,23.57789533942105,0,0,7.079129958779955,S,1,1,Adult
843,0,1,male,34.21776010664271,0,0,197.54725977575097,C,1,1,Adult
844,0,3,male,29.2926732336669,0,0,8.291812318290086,S,1,1,Adult
845,1,1,female,,0,2,63.4805914924877,S,3,0,Adult
846,0,2,male,46.92256565777289,0,0,17.290326845310968,S,1,1,Middle-aged
847,0,1,male,30.968147556889594,1,0,89.79649930151363,C,2,0,Adult
848,0,3,male,17.186765235831157,1,0,26.61333605622144,S,2,0,Teen
849,0,3,male,34.220007907483776,0,0,14.835262360053774,S,1,1,Adult
850,1,3,female,17.50722063695705,0,0,7.5631320768398025,S,1,1,Teen
851,0,1,female,,3,4,99.2120984258985,S,8,0,Adult
852,0,3,female,,0,0,21.288595880217223,S,1,1,Adult
853,1,1,male,37.122696670544116,0,0,130.20586637195586,S,1,1,Middle-aged
854,1,3,male,29.585566052759617,0,0,3.5345934430748556,S,1,1,Adult
855,1,1,male,48.924799362630246,0,0,95.00312608230104,S,1,1,Middle-aged
856,0,1,male,15.25282813855815,0,1,136.3150245884229,S,2,0,Teen
857,1,1,male,21.073518442151403,2,0,243.04403729040646,S,3,0,Adult
858,0,3,female,15.081817945047332,0,0,5.807237538135139,S,1,1,Teen
859,1,3,male,32.01619938301506,0,0,5.558507865433627,S,1,1,Adult
860,0,1,male,,2,0,165.55681332158753,S,3,0,Adult
861,0,3,male,29.701318268163313,0,0,8.889550435851989,C,1,1,Adult
862,0,3,male,17.06967085327775,0,0,11.469835043455827,S,1,1,Teen
863,0,3,male,,0,0,5.430344023376279,S,1,1,Adult
864,1,2,female,42.04059317063928,0,0,13.107194735011097,S,1,1,Middle-aged
865,1,2,female,31.461776469298297,0,0,20.995396415086834,C,1,1,Adult
866,1,3,female,17.920267710968652,0,2,18.277475052257746,C,3,0,Teen
867,0,1,male,34.965688798340636,0,2,216.31745123551795,S,3,0,Adult
868,0,1,male,50.03039307572161,1,0,178.78501793256487,S,2,0,Middle-aged
869,1,3,male,34.374086279328296,0,0,8.52457271088751,S,1,1,Adult
870,1,3,male,13.403391168781596,0,0,7.594959329424825,Q,1,1,Teen
871,1,2,female,37.148427002106175,0,0,20.322622230200672,C,1,1,Middle-aged
872,0,2,male,,0,0,45.935587201716835,S,1,1,Adult
873,0,3,male,22.60020521731865,0,0,6.0687999121893546,C,1,1,Adult
874,0,2,male,34.57493119773687,2,1,35.76418834788871,C,4,0,Adult
875,0,1,male,40.08474106184921,0,2,282.56220081309925,S,3,0,Middle-aged
876,1,1,female,28.487827078956016,0,0,86.55583782942702,S,1,1,Adult
877,0,3,male,20.149052809633254,1,0,2.897210222425557,S,2,0,Adult
878,1,3,male,28.18555191394873,0,0,4.631105873850166,S,1,1,Adult
879,0,1,male,13.579369930104395,0,0,63.114410349055085,C,1,1,Teen
880,0,1,male,46.151422685892655,1,0,187.2379090977546,S,2,0,Middle-aged
881,1,1,female,37.07635530752866,1,0,276.31678302220513,C,2,0,Middle-aged
882,0,3,female,33.85015472347422,0,1,17.279959458333387,Q,2,0,Adult
883,0,1,female,31.969994193555923,0,0,106.70515247365897,S,1,1,Adult
884,0,1,female,35.95516160933966,0,0,75.93254350924937,S,1,1,Middle-aged
885,0,3,male,,1,0,11.901910988025714,C,2,0,Adult
886,1,1,female,33.777125630506355,0,0,68.5825949322035,C,1,1,Adult
887,0,3,male,1.0,0,0,5.016180969772085,C,1,1,Child
888,0,1,male,34.725189570977655,1,1,181.74116377785168,S,3,0,Adult
889,1,1,female,18.169929205253283,0,0,72.78875355253686,S,1,1,Adult
890,1,2,male,48.160035340268706,1,0,14.17496881087357,S,2,0,Middle-aged
891,0,3,female,20.930436748865212,0,0,8.582573911390636,Q,1,1,Adult
